question_id,question,answer,accuracy,relevance,conciseness,helpfulness,overall
1,CÔNG TY CỔ PHẦN DHA SURFACES là gì và có thông tin gì trong tài liệu này (Hãy trình bày thật chi tiết)?,"CÔNG TY CỔ PHẦN DHA SURFACES là một người nộp thuế, có mã số thuế 0106769437. Trong tài liệu, công ty này được đề cập trong mẫu số 01/GTGT, áp dụng cho các đối tượng nộp thuế khác với hoạt động sản xuất kinh doanh thông thường. Tài liệu ghi nhận rằng công ty có thông tin về thuế giá trị gia tăng, với các chỉ tiêu như thuế giá trị gia tăng đề nghị hoàn và thuế giá trị gia tăng còn được khấu trừ chuyển kỳ sau đều có giá trị là 0. Công ty cam đoan số liệu khai là đúng và chịu trách nhiệm trước pháp luật về số liệu đã khai. Ngày ký là 24 tháng 01 năm 2025, và người đại diện là Trịnh Thị Sang.",5,5,4,5,4.75
2,Who is TRỊNH THỊ SANG in the context of the tax declaration?,TRỊNH THỊ SANG là người nộp thuế hoặc đại diện hợp pháp của người nộp thuế trong bối cảnh khai thuế.,5,5,5,5,5.0
3,Chủ thể dữ liệu là ai trong quy định về bảo vệ dữ liệu cá nhân?,Chủ thể dữ liệu là cá nhân mà dữ liệu cá nhân của họ được xử lý.,5,5,5,5,5.0
4,Cộng hòa xã hội chủ nghĩa Việt Nam có những quy định gì về bảo vệ dữ liệu cá nhân và trách nhiệm của các cơ quan liên quan trong việc thực hiện các quy định đó?,"Cộng hòa xã hội chủ nghĩa Việt Nam có các quy định về bảo vệ dữ liệu cá nhân như sau:

1. **Áp dụng Nghị định và luật liên quan**: Bảo vệ dữ liệu cá nhân theo quy định của Nghị định và các luật liên quan, cũng như các điều ước quốc tế mà Việt Nam là thành viên.

2. **Đối tượng áp dụng**: Nghị định áp dụng cho:
   - Cơ quan, tổ chức, cá nhân Việt Nam.
   - Cơ quan, tổ chức, cá nhân nước ngoài tại Việt Nam.
   - Cơ quan, tổ chức, cá nhân Việt Nam hoạt động tại nước ngoài.
   - Cơ quan, tổ chức, cá nhân nước ngoài liên quan đến xử lý dữ liệu cá nhân tại Việt Nam.

3. **Trách nhiệm bảo vệ dữ liệu**: Các cơ quan, tổ chức, cá nhân có trách nhiệm bảo vệ dữ liệu cá nhân theo quy định của Nghị định.

4. **Hành vi bị nghiêm cấm**: Bao gồm xử",4,5,4,4,4.25
5,Điều 17 trong quy định về quyền của chủ thể dữ liệu có ý nghĩa gì và nó ảnh hưởng như thế nào đến quyền đồng ý của chủ thể dữ liệu?,"Điều 17 quy định các trường hợp mà dữ liệu cá nhân có thể được xử lý mà không cần sự đồng ý của chủ thể dữ liệu, bao gồm:

1. Khẩn cấp bảo vệ tính mạng, sức khỏe.
2. Công khai theo quy định của luật.
3. Xử lý bởi cơ quan nhà nước trong tình trạng khẩn cấp.
4. Thực hiện nghĩa vụ theo hợp đồng.
5. Hoạt động của cơ quan nhà nước theo luật chuyên ngành.

Điều này ảnh hưởng đến quyền đồng ý của chủ thể dữ liệu bằng cách cho phép xử lý dữ liệu mà không cần sự đồng ý trong những trường hợp cụ thể, làm giảm quyền kiểm soát của chủ thể đối với dữ liệu cá nhân của mình trong những tình huống khẩn cấp hoặc theo quy định pháp luật.",5,5,4,5,4.75
6,Nghị định này có quy định gì về quyền tự bảo vệ của chủ thể dữ liệu?,"Chủ thể dữ liệu có quyền tự bảo vệ theo quy định của Bộ luật Dân sự, luật khác có liên quan và Nghị định này, hoặc yêu cầu cơ quan, tổ chức có thẩm quyền thực hiện các phương thức bảo vệ quyền dân sự.",4,5,4,4,4.25
7,What responsibilities does Bên Kiểm soát dữ liệu cá nhân have regarding personal data requests?,"Bên Kiểm soát dữ liệu cá nhân có các trách nhiệm sau:

1. Cung cấp dữ liệu cá nhân trong 72 giờ sau khi nhận yêu cầu từ chủ thể dữ liệu, trừ trường hợp pháp luật có quy định khác.
2. Không cung cấp dữ liệu cá nhân nếu:
   - Gây tổn hại tới quốc phòng, an ninh quốc gia, trật tự an toàn xã hội.
   - Ảnh hưởng tới sự an toàn, sức khỏe của người khác.
   - Chủ thể dữ liệu không đồng ý cung cấp.
3. Lập Biên bản xác nhận về hành vi vi phạm quy định bảo vệ dữ liệu cá nhân và phối hợp với Bộ Công an để xử lý vi phạm.",5,5,4,5,4.75
8,Trong trường hợp nào dữ liệu cá nhân không được xóa theo quy định về an ninh quốc gia?,"Dữ liệu cá nhân không được xóa trong các trường hợp sau:

1. Khi có tình trạng khẩn cấp về quốc phòng, an ninh quốc gia, trật tự an toàn xã hội, thảm họa lớn, dịch bệnh nguy hiểm.
2. Khi có nguy cơ đe dọa an ninh, quốc phòng nhưng chưa đến mức ban bố tình trạng khẩn cấp.
3. Phòng, chống bạo loạn, khủng bố, phòng, chống tội phạm và vi phạm pháp luật.",5,5,4,5,4.75
9,Vai trò của Bên thứ ba trong việc lưu trữ và xử lý dữ liệu cá nhân là gì?,Bên thứ ba có trách nhiệm lưu trữ dữ liệu cá nhân theo hình thức phù hợp với hoạt động của mình và thực hiện biện pháp bảo vệ dữ liệu cá nhân theo quy định của pháp luật. Họ cũng phải tuân thủ các quy định về xử lý dữ liệu cá nhân và xóa dữ liệu không thể khôi phục trong một số trường hợp nhất định.,5,5,4,5,4.75
10,What is the role of Cục An ninh mạng in data protection compliance?,"Cục An ninh mạng và phòng, chống tội phạm sử dụng công nghệ cao - Bộ Công an có trách nhiệm giúp Bộ Công an thực hiện quản lý nhà nước về bảo vệ dữ liệu cá nhân.",5,5,4,5,4.75
11,Cục An ninh mạng làm gì khi có vi phạm dữ liệu cá nhân?,"Cục An ninh mạng và phòng, chống tội phạm sử dụng công nghệ cao - Bộ Công an có trách nhiệm:

1. Nhận thông báo về vi phạm quy định bảo vệ dữ liệu cá nhân.
2. Phối hợp với Bên Kiểm soát dữ liệu cá nhân và Bên Kiểm soát và xử lý dữ liệu cá nhân để xử lý hành vi vi phạm.
3. Cảnh báo, phối hợp cảnh báo về nguy cơ, hành vi xâm phạm dữ liệu cá nhân.",5,5,4,5,4.75
12,Bên Kiểm soát dữ liệu cá nhân có vai trò gì trong việc bảo vệ dữ liệu cá nhân?,"Bên Kiểm soát dữ liệu cá nhân có vai trò:

1. Thực hiện biện pháp bảo mật và an toàn cho dữ liệu cá nhân.
2. Ghi lại và lưu trữ nhật ký xử lý dữ liệu cá nhân.
3. Thông báo vi phạm quy định về bảo vệ dữ liệu cá nhân.
4. Lựa chọn Bên Xử lý dữ liệu cá nhân phù hợp.
5. Bảo đảm quyền của chủ thể dữ liệu.
6. Chịu trách nhiệm về thiệt hại do xử lý dữ liệu cá nhân.
7. Phối hợp với cơ quan nhà nước trong bảo vệ dữ liệu cá nhân.",5,5,4,5,4.75
13,Bộ Công an có vai trò gì trong việc đánh giá tác động xử lý dữ liệu cá nhân?,"Bộ Công an có vai trò đánh giá, yêu cầu Bên Kiểm soát dữ liệu cá nhân và Bên Xử lý dữ liệu cá nhân trong việc thực hiện hồ sơ đánh giá tác động xử lý dữ liệu cá nhân. Hồ sơ này phải luôn có sẵn để phục vụ hoạt động kiểm tra, đánh giá của Bộ Công an và Cục An ninh mạng và phòng, chống tội phạm sử dụng công nghệ cao.",5,5,4,5,4.75
14,Cục An ninh mạng là gì và có trách nhiệm gì trong việc chuyển dữ liệu cá nhân?,"Cục An ninh mạng và phòng, chống tội phạm sử dụng công nghệ cao - Bộ Công an là cơ quan chuyển trách bảo vệ dữ liệu cá nhân. Cơ quan này có trách nhiệm giúp Bộ Công an thực hiện quản lý nhà nước về bảo vệ dữ liệu cá nhân, bao gồm việc kiểm tra, đánh giá hồ sơ chuyển dữ liệu cá nhân ra nước ngoài và yêu cầu bên chuyển dữ liệu hoàn thiện hồ sơ nếu chưa đầy đủ.",5,5,4,5,4.75
15,"Trong bối cảnh bảo vệ dữ liệu cá nhân, những biện pháp nào được áp dụng để đảm bảo an toàn cho dữ liệu cá nhân trong suốt quá trình xử lý?","Các biện pháp bảo vệ dữ liệu cá nhân trong suốt quá trình xử lý bao gồm:

1. Thực hiện các biện pháp tổ chức và kỹ thuật bảo mật phù hợp.
2. Ghi lại và lưu trữ nhật ký hệ thống quá trình xử lý dữ liệu cá nhân.
3. Bảo vệ dữ liệu cá nhân trước các hành vi vi phạm quy định và phòng, chống sự mất mát, phá hủy hoặc thiệt hại.
4. Lưu trữ dữ liệu cá nhân trong khoảng thời gian phù hợp với mục đích xử lý.
5. Chứng minh sự tuân thủ các nguyên tắc xử lý dữ liệu.",5,5,4,5,4.75
16,What is the role of Cục An ninh mạng in data protection?,"Cục An ninh mạng và phòng, chống tội phạm sử dụng công nghệ cao - Bộ Công an có trách nhiệm giúp Bộ Công an thực hiện quản lý nhà nước về bảo vệ dữ liệu cá nhân.",5,5,4,5,4.75
17,What are the responsibilities of the government in data protection according to the regulations?,Không tìm thấy thông tin trong tài liệu.,1,1,5,1,2.0
18,Bộ Khoa học và Công nghệ có trách nhiệm gì trong bảo vệ dữ liệu cá nhân?,"Bộ Khoa học và Công nghệ có trách nhiệm:

1. Phối hợp với Bộ Công an trong xây dựng Tiêu chuẩn bảo vệ dữ liệu cá nhân và khuyến nghị áp dụng.
2. Nghiên cứu, trao đổi với Bộ Công an về các biện pháp bảo vệ dữ liệu cá nhân theo kịp sự phát triển của khoa học, công nghệ.",5,5,4,5,4.75
19,Bên Kiểm soát dữ liệu cá nhân có trách nhiệm gì?,"Bên Kiểm soát dữ liệu cá nhân có trách nhiệm:

1. Thực hiện đầy đủ các quy định về trách nhiệm của Bên Kiểm soát dữ liệu cá nhân và Bên Xử lý dữ liệu cá nhân.
2. Cung cấp bản thân dữ liệu cá nhân của chủ thể dữ liệu khi có yêu cầu.
3. Cung cấp dữ liệu cá nhân cho tổ chức, cá nhân khác khi có sự đồng ý của chủ thể dữ liệu.
4. Cung cấp dữ liệu cá nhân trong 72 giờ sau khi có yêu cầu, trừ trường hợp pháp luật có quy định khác.
5. Không cung cấp dữ liệu cá nhân trong một số trường hợp nhất định (gây tổn hại tới quốc phòng, an ninh, sức khỏe, hoặc không có sự đồng ý của chủ thể dữ liệu).",5,5,4,5,4.75
20,Nghị định này quy định những trách nhiệm nào của Bên Xử lý dữ liệu cá nhân?,"Nghị định này quy định những trách nhiệm của Bên Xử lý dữ liệu cá nhân như sau:

1. Chỉ tiếp nhận dữ liệu cá nhân sau khi có hợp đồng hoặc thỏa thuận với Bên Kiểm soát dữ liệu cá nhân.
2. Xử lý dữ liệu cá nhân theo đúng hợp đồng hoặc thỏa thuận ký kết.
3. Thực hiện đầy đủ các biện pháp bảo vệ dữ liệu cá nhân theo quy định của Nghị định và các văn bản pháp luật khác.",5,5,5,5,5.0
21,Thủ tướng có trách nhiệm gì trong việc thi hành Nghị định này?,Thủ tướng Chính phủ chịu trách nhiệm thi hành Nghị định này.,5,5,5,5,5.0
22,What does the phrase 'Độc lập - Tự do - Hạnh phúc' signify in the context of data privacy?,Không tìm thấy thông tin trong tài liệu.,1,1,5,1,2.0
23,What is the significance of the organization CỘNG HÒA XÃ HỘI CHỦ NGHĨA VIỆT NAM in the context of data protection regulations?,Không tìm thấy thông tin trong tài liệu.,1,1,5,1,2.0
24,CỘNG HÒA XÃ HỘI CHỦ NGHĨA VIỆT NAM có vai trò gì trong việc bảo vệ dữ liệu cá nhân theo quy định hiện hành?,"CỘNG HÒA XÃ HỘI CHỦ NGHĨA VIỆT NAM có vai trò thực hiện việc bảo vệ dữ liệu cá nhân theo quy định của các điều ước quốc tế mà Việt Nam là thành viên, các quy định của Luật có liên quan và Nghị định bảo vệ dữ liệu cá nhân.",5,5,4,5,4.75
25,Tại sao Việt Nam lại cần hồ sơ đánh giá tác động chuyển dữ liệu cá nhân ra nước ngoài?,"Việt Nam cần hồ sơ đánh giá tác động chuyển dữ liệu cá nhân ra nước ngoài để đảm bảo tuân thủ quy định bảo vệ dữ liệu cá nhân, đánh giá mức độ ảnh hưởng của việc xử lý dữ liệu, và bảo vệ quyền lợi của công dân Việt Nam trước các rủi ro có thể xảy ra khi dữ liệu được chuyển ra nước ngoài.",5,5,4,5,4.75
26,Mã số thuế có liên quan như thế nào đến quyền riêng tư trong bối cảnh bảo vệ dữ liệu cá nhân theo các quy định hiện hành?,Không tìm thấy thông tin trong tài liệu.,1,1,5,1,2.0
27,Doanh thu của Công ty Cổ phần DHA Surfaces có ảnh hưởng gì tới thông tin cá nhân của khách hàng không?,Không tìm thấy thông tin trong tài liệu.,5,5,5,3,4.5
28,"How do the rights of data subjects, particularly the right to delete data, relate to the tax deduction process outlined in the context of value-added tax?",Không tìm thấy thông tin trong tài liệu.,1,1,5,1,2.0
29,Làm thế nào Nghị định bảo vệ dữ liệu cá nhân của Cộng hòa xã hội chủ nghĩa Việt Nam quy định về quyền và nghĩa vụ của chủ thể dữ liệu?,"Nghị định bảo vệ dữ liệu cá nhân của Cộng hòa xã hội chủ nghĩa Việt Nam quy định về quyền và nghĩa vụ của chủ thể dữ liệu như sau:

### Quyền của chủ thể dữ liệu:
1. Quyền được biết về hoạt động xử lý dữ liệu cá nhân.
2. Quyền đồng ý hoặc không đồng ý cho phép xử lý dữ liệu cá nhân.
3. Quyền truy cập để xem, chỉnh sửa hoặc yêu cầu chỉnh sửa dữ liệu cá nhân.
4. Quyền rút lại sự đồng ý.
5. Quyền xóa hoặc yêu cầu xóa dữ liệu cá nhân.
6. Quyền hạn chế xử lý dữ liệu cá nhân.
7. Quyền yêu cầu cung cấp dữ liệu cá nhân.

### Nghĩa vụ của chủ thể dữ liệu:
1. Tự bảo vệ dữ liệu cá nhân của mình.
2. Tôn trọng, bảo vệ dữ liệu cá nhân của người khác.
3. Cung cấp đầy đủ, chính xác dữ liệu cá nhân khi cho phép xử lý.
4. Tham gia tuyên truyền",5,5,4,5,4.75
30,Công ty cổ phần DHA Surfaces có trách nhiệm gì trong việc xử lý dữ liệu cá nhân theo quy định của pháp luật?,Không tìm thấy thông tin trong tài liệu.,1,1,5,1,2.0
