question_id,question,answer_a,answer_b,human_winner,confidence,notes
1,"CÔNG TY CỔ PHẦN DHA SURFACES là gì và có thông tin gì trong tài liệu này (Hãy trình bày thật chi tiết)?","CÔNG TY CỔ PHẦN DHA SURFACES là một người nộp thuế, có mã số thuế 0106769437...","| 01 | Tên người nộp thuế...","A",5,"Answer A provides a detailed text answer, Answer B is just a random table sliver."
2,"Who is TRỊNH THỊ SANG in the context of the tax declaration?","TRỊNH THỊ SANG là người nộp thuế hoặc đại diện hợp pháp...","4.1 Thuế giá trị gia tăng đề nghị hoàn...","A",5,"Answer A directly addresses the question."
3,"Chủ thể dữ liệu là ai trong quy định về bảo vệ dữ liệu cá nhân?","Chủ thể dữ liệu là cá nhân mà dữ liệu cá nhân của họ được xử lý.","b) Bên Kiểm soát dữ liệu cá nhân...","A",5,"Answer A is accurate."
4,"Cộng hòa xã hội chủ nghĩa Việt Nam có những quy định gì về bảo vệ dữ liệu cá nhân...","Cộng hòa xã hội chủ nghĩa Việt Nam có các quy định về bảo vệ dữ liệu cá nhân như sau...","Việc bảo vệ dữ liệu cá nhân được thực hiện theo quy định các điều ước...","A",4,"Answer A is far more helpful and detailed."
5,"Điều 17 trong quy định về quyền của chủ thể dữ liệu có ý nghĩa gì...","Điều 17 quy định các trường hợp mà dữ liệu cá nhân có thể được xử lý mà không cần sự đồng ý...","Sau khi thực hiện quy định tại khoản 2 Điều này...","A",4,"Answer A directly answers the condition without consent."
6,"Nghị định này có quy định gì về quyền tự bảo vệ của chủ thể dữ liệu?","Chủ thể dữ liệu có quyền tự bảo vệ theo quy định của Bộ luật Dân sự...","Chủ thể dữ liệu có quyền tự bảo vệ theo quy định của Bộ luật Dân sự... Điều 11","tie",4,"Both capture the essence perfectly."
7,"What responsibilities does Bên Kiểm soát dữ liệu cá nhân have regarding personal data requests?","Bên Kiểm soát dữ liệu cá nhân có các trách nhiệm sau: 1. Cung cấp...","Việc cung cấp dữ liệu cá nhân của chủ thể dữ liệu được Bên Kiểm...","A",5,"Answer A lists out multiple responsibilities clearly."
8,"Trong trường hợp nào dữ liệu cá nhân không được xóa theo quy định về an ninh quốc gia?","Dữ liệu cá nhân không được xóa trong các trường hợp sau: 1. Khi có tình trạng khẩn cấp...","Việc xóa dữ liệu được thực hiện trong 72 giờ...","A",4,"Answer A answers the 'which cases' condition."
9,"Vai trò của Bên thứ ba trong việc lưu trữ và xử lý dữ liệu cá nhân là gì?","Bên thứ ba có trách nhiệm lưu trữ dữ liệu cá nhân theo hình thức phù hợp...","b) Việc lưu trữ dữ liệu cá nhân không còn cần thiết với hoạt động...","A",5,"Answer A actually addresses the role of the third party."
10,"What is the role of Cục An ninh mạng in data protection compliance?","Cục An ninh mạng và phòng, chống tội phạm sử dụng công nghệ cao - Bộ Công an có trách nhiệm...","Bên chuyển dữ liệu ra nước ngoài gửi 01 bản chính hồ sơ tới Bộ Công an...","A",5,"Answer A gives the administrative responsibility role."
