question_id,question,answer_a,answer_b,winner_after_swap,run1_winner,run2_winner,run1_reason,run2_reason
1,CÔNG TY CỔ PHẦN DHA SURFACES là gì và có thông tin gì trong tài liệu này (Hãy trình bày thật chi tiết)?,"CÔNG TY CỔ PHẦN DHA SURFACES là một người nộp thuế, có mã số thuế 0106769437. Trong tài liệu, công ty này được đề cập trong mẫu số 01/GTGT, áp dụng cho các đối tượng nộp thuế khác với hoạt động sản xuất kinh doanh thông thường. Tài liệu ghi nhận rằng công ty có thông tin về thuế giá trị gia tăng, với các chỉ tiêu như thuế giá trị gia tăng đề nghị hoàn và thuế giá trị gia tăng còn được khấu trừ chuyển kỳ sau đều có giá trị là 0. Công ty cam đoan số liệu khai là đúng và chịu trách nhiệm trước pháp luật về số liệu đã khai. Ngày ký là 24 tháng 01 năm 2025, và người đại diện là Trịnh Thị Sang.",| 01  | Tên người nộp thuế: CÔNG TY CỔ PHẦN DHA SURFACES | Ngày: |                       |,A,A,A,"Answer A provides detailed and relevant information about CÔNG TY CỔ PHẦN DHA SURFACES, including its tax identification number, specific details from the document regarding VAT, and the representative's name. In contrast, Answer B is incomplete and lacks substantial information.","Answer B provides detailed and relevant information about CÔNG TY CỔ PHẦN DHA SURFACES, including its tax identification number, specific references to the document, and key financial data, making it more informative and directly addressing the question."
2,Who is TRỊNH THỊ SANG in the context of the tax declaration?,TRỊNH THỊ SANG là người nộp thuế hoặc đại diện hợp pháp của người nộp thuế trong bối cảnh khai thuế.,4.1 Thuế giá trị gia tăng đề nghị hoàn (142) ≤ (411) [42] 0,A,A,A,"Answer A provides a clear and accurate definition of TRỊNH THỊ SANG in the context of tax declaration, identifying them as a taxpayer or their legal representative. Answer B, however, does not address the question and instead presents an unrelated statement about value-added tax, making it irrelevant.","Answer B provides a clear and relevant explanation of who TRỊNH THỊ SANG is in the context of tax declaration, identifying them as a taxpayer or their legal representative. Answer A, on the other hand, does not directly address the question and appears to present a numerical or coded reference that lacks context."
3,Chủ thể dữ liệu là ai trong quy định về bảo vệ dữ liệu cá nhân?,Chủ thể dữ liệu là cá nhân mà dữ liệu cá nhân của họ được xử lý.,"b) Bên Kiểm soát dữ liệu cá nhân, Bên Kiểm soát và xử lý dữ liệu cá nhân thực hiện yêu cầu của chủ thể dữ liệu trong 72 giờ sau khi nhận được yêu cầu, trừ trường hợp luật có quy định khác.",A,A,A,"Answer A directly defines the data subject as the individual whose personal data is processed, which is a clear and accurate response to the question. Answer B, while mentioning data controllers and processing requirements, does not directly address who the data subject is, making it less relevant to the question.","Answer B directly defines the data subject as the individual whose personal data is processed, which is the core of the question. Answer A, while mentioning data controllers, does not clearly identify who the data subject is."
4,Cộng hòa xã hội chủ nghĩa Việt Nam có những quy định gì về bảo vệ dữ liệu cá nhân và trách nhiệm của các cơ quan liên quan trong việc thực hiện các quy định đó?,"Cộng hòa xã hội chủ nghĩa Việt Nam có các quy định về bảo vệ dữ liệu cá nhân như sau:

1. **Áp dụng Nghị định và luật liên quan**: Bảo vệ dữ liệu cá nhân theo quy định của Nghị định và các luật liên quan, cũng như các điều ước quốc tế mà Việt Nam là thành viên.

2. **Đối tượng áp dụng**: Nghị định áp dụng cho:
   - Cơ quan, tổ chức, cá nhân Việt Nam.
   - Cơ quan, tổ chức, cá nhân nước ngoài tại Việt Nam.
   - Cơ quan, tổ chức, cá nhân Việt Nam hoạt động tại nước ngoài.
   - Cơ quan, tổ chức, cá nhân nước ngoài liên quan đến xử lý dữ liệu cá nhân tại Việt Nam.

3. **Trách nhiệm bảo vệ dữ liệu**: Các cơ quan, tổ chức, cá nhân có trách nhiệm bảo vệ dữ liệu cá nhân theo quy định của Nghị định.

4. **Hành vi bị nghiêm cấm**: Bao gồm xử","Việc bảo vệ dữ liệu cá nhân được thực hiện theo quy định các điều ước quốc tế mà nước Cộng hòa xã hội chủ nghĩa Việt Nam là thành viên, các quy định khác của Luật có liên quan và Nghị định này.",A,A,A,"Answer A provides a detailed and structured overview of the regulations regarding personal data protection in Vietnam, including specific points about applicable laws, the subjects of the regulations, responsibilities, and prohibited actions. In contrast, Answer B is less comprehensive and lacks specific details, making it less informative.","Answer B provides a more detailed and structured response, outlining specific regulations, the scope of application, and responsibilities related to personal data protection in Vietnam, making it more relevant and informative compared to Answer A."
5,Điều 17 trong quy định về quyền của chủ thể dữ liệu có ý nghĩa gì và nó ảnh hưởng như thế nào đến quyền đồng ý của chủ thể dữ liệu?,"Điều 17 quy định các trường hợp mà dữ liệu cá nhân có thể được xử lý mà không cần sự đồng ý của chủ thể dữ liệu, bao gồm:

1. Khẩn cấp bảo vệ tính mạng, sức khỏe.
2. Công khai theo quy định của luật.
3. Xử lý bởi cơ quan nhà nước trong tình trạng khẩn cấp.
4. Thực hiện nghĩa vụ theo hợp đồng.
5. Hoạt động của cơ quan nhà nước theo luật chuyên ngành.

Điều này ảnh hưởng đến quyền đồng ý của chủ thể dữ liệu bằng cách cho phép xử lý dữ liệu mà không cần sự đồng ý trong những trường hợp cụ thể, làm giảm quyền kiểm soát của chủ thể đối với dữ liệu cá nhân của mình trong những tình huống khẩn cấp hoặc theo quy định pháp luật.","Sau khi thực hiện quy định tại khoản 2 Điều này, Bên Kiểm soát dữ liệu, Bên Xử lý dữ liệu, Bên Kiểm soát và xử lý dữ liệu, Bên thứ ba phải ngừng và yêu cầu các tổ chức, cá nhân có liên quan ngừng xử lý dữ liệu của chủ thể dữ liệu đã rút lại sự đồng ý.",A,A,A,"Answer A provides a clear and accurate explanation of Article 17, detailing specific circumstances under which personal data can be processed without consent, and discusses its impact on the data subject's consent rights. Answer B, while mentioning the need to stop processing data upon withdrawal of consent, does not directly address the significance of Article 17 or its implications for consent, making it less relevant to the question.","Answer B provides a clear explanation of the specific circumstances under which personal data can be processed without consent, directly addressing the implications for the data subject's consent rights. It is factually accurate and relevant to the question, while also being concise. Answer A, while mentioning the withdrawal of consent, does not fully address the broader implications of Article 17."
6,Nghị định này có quy định gì về quyền tự bảo vệ của chủ thể dữ liệu?,"Chủ thể dữ liệu có quyền tự bảo vệ theo quy định của Bộ luật Dân sự, luật khác có liên quan và Nghị định này, hoặc yêu cầu cơ quan, tổ chức có thẩm quyền thực hiện các phương thức bảo vệ quyền dân sự.","Chủ thể dữ liệu có quyền tự bảo vệ theo quy định của Bộ luật Dân sự, luật khác có liên quan và Nghị định này, hoặc yêu cầu cơ quan, tổ chức có thẩm quyền thực hiện các phương thức bảo vệ quyền dân sự theo quy định tại Điều 11 Bộ luật Dân sự.",tie,B,tie,"Answer B provides a more precise reference to the specific article (Điều 11) of the Civil Code, enhancing its factual accuracy and relevance to the question. While both answers are relevant and accurate, Answer B is more informative.","Both answers provide the same information regarding the rights of data subjects to self-protect according to the Civil Code, related laws, and the decree in question. They are equally relevant, factually accurate, and concise."
7,What responsibilities does Bên Kiểm soát dữ liệu cá nhân have regarding personal data requests?,"Bên Kiểm soát dữ liệu cá nhân có các trách nhiệm sau:

1. Cung cấp dữ liệu cá nhân trong 72 giờ sau khi nhận yêu cầu từ chủ thể dữ liệu, trừ trường hợp pháp luật có quy định khác.
2. Không cung cấp dữ liệu cá nhân nếu:
   - Gây tổn hại tới quốc phòng, an ninh quốc gia, trật tự an toàn xã hội.
   - Ảnh hưởng tới sự an toàn, sức khỏe của người khác.
   - Chủ thể dữ liệu không đồng ý cung cấp.
3. Lập Biên bản xác nhận về hành vi vi phạm quy định bảo vệ dữ liệu cá nhân và phối hợp với Bộ Công an để xử lý vi phạm.","Việc cung cấp dữ liệu cá nhân của chủ thể dữ liệu được Bên Kiểm soát dữ liệu cá nhân, Bên Kiểm soát và xử lý dữ liệu cá nhân thực hiện trong 72 giờ sau khi có yêu cầu của chủ thể dữ liệu, trừ trường hợp pháp luật có quy định khác.",A,A,A,"Answer A provides a detailed and comprehensive list of responsibilities, including specific conditions under which personal data may not be provided, while Answer B is less detailed and does not address the full scope of responsibilities.","Answer B provides a more comprehensive and detailed response, outlining specific responsibilities and conditions under which personal data may not be provided, while Answer A is less detailed and lacks clarity on exceptions."
8,Trong trường hợp nào dữ liệu cá nhân không được xóa theo quy định về an ninh quốc gia?,"Dữ liệu cá nhân không được xóa trong các trường hợp sau:

1. Khi có tình trạng khẩn cấp về quốc phòng, an ninh quốc gia, trật tự an toàn xã hội, thảm họa lớn, dịch bệnh nguy hiểm.
2. Khi có nguy cơ đe dọa an ninh, quốc phòng nhưng chưa đến mức ban bố tình trạng khẩn cấp.
3. Phòng, chống bạo loạn, khủng bố, phòng, chống tội phạm và vi phạm pháp luật.","Việc xóa dữ liệu được thực hiện trong 72 giờ sau khi có yêu cầu của chủ thể dữ liệu với toàn bộ dữ liệu cá nhân mà Bên Kiểm soát dữ liệu cá nhân, Bên Kiểm soát và xử lý dữ liệu cá nhân thu thập được, trừ trường hợp pháp luật có quy định khác.",A,A,A,"Answer A provides specific scenarios where personal data cannot be deleted according to national security regulations, directly addressing the question. Answer B discusses the general process of data deletion and does not relate to the exceptions for national security, making it less relevant.","Answer B provides specific scenarios where personal data cannot be deleted according to national security regulations, directly addressing the question. Answer A, on the other hand, discusses the general process of data deletion without addressing the exceptions related to national security."
9,Vai trò của Bên thứ ba trong việc lưu trữ và xử lý dữ liệu cá nhân là gì?,Bên thứ ba có trách nhiệm lưu trữ dữ liệu cá nhân theo hình thức phù hợp với hoạt động của mình và thực hiện biện pháp bảo vệ dữ liệu cá nhân theo quy định của pháp luật. Họ cũng phải tuân thủ các quy định về xử lý dữ liệu cá nhân và xóa dữ liệu không thể khôi phục trong một số trường hợp nhất định.,"b) Việc lưu trữ dữ liệu cá nhân không còn cần thiết với hoạt động của Bên Kiểm soát dữ liệu cá nhân, Bên Kiểm soát và xử lý dữ liệu cá nhân, Bên thứ ba;",A,A,A,"Answer A provides a clear and accurate description of the responsibilities of a third party in storing and processing personal data, including compliance with legal regulations and data protection measures. Answer B is vague and does not directly address the role of the third party, making it less relevant to the question.","Answer B provides a clear and accurate description of the role of a third party in storing and processing personal data, including responsibilities and legal compliance, while Answer A is vague and does not directly address the question."
10,What is the role of Cục An ninh mạng in data protection compliance?,"Cục An ninh mạng và phòng, chống tội phạm sử dụng công nghệ cao - Bộ Công an có trách nhiệm giúp Bộ Công an thực hiện quản lý nhà nước về bảo vệ dữ liệu cá nhân.","Bên chuyển dữ liệu ra nước ngoài gửi 01 bản chính hồ sơ tới Bộ Công an (Cục An ninh mạng và phòng, chống tội phạm sử dụng công nghệ cao) theo Mẫu số 06 tại Phụ lục của Nghị định này trong thời gian 60 ngày kể từ ngày tiến hành xử lý dữ liệu cá nhân.",A,A,A,"Answer A provides a clear and direct explanation of the role of Cục An ninh mạng in data protection compliance, stating its responsibility in managing state oversight of personal data protection. Answer B, while factual, focuses on a specific procedural requirement rather than the broader role of the agency, making it less relevant to the question.","Answer B provides a clear and direct explanation of the role of Cục An ninh mạng in data protection compliance, emphasizing its responsibility in managing state oversight of personal data protection. Answer A, while factual, focuses on a specific procedural requirement rather than the broader role of the agency."
11,Cục An ninh mạng làm gì khi có vi phạm dữ liệu cá nhân?,"Cục An ninh mạng và phòng, chống tội phạm sử dụng công nghệ cao - Bộ Công an có trách nhiệm:

1. Nhận thông báo về vi phạm quy định bảo vệ dữ liệu cá nhân.
2. Phối hợp với Bên Kiểm soát dữ liệu cá nhân và Bên Kiểm soát và xử lý dữ liệu cá nhân để xử lý hành vi vi phạm.
3. Cảnh báo, phối hợp cảnh báo về nguy cơ, hành vi xâm phạm dữ liệu cá nhân.","Trường hợp phát hiện xảy ra vi phạm quy định bảo vệ dữ liệu cá nhân, Bên Kiểm soát dữ liệu cá nhân, Bên Kiểm soát và xử lý dữ liệu cá nhân thông báo cho Bộ Công an (Cục An ninh mạng và phòng, chống tội phạm sử dụng công nghệ cao) chậm nhất 72 giờ sau khi xảy ra hành vi vi phạm theo Mẫu số 03 tại Phụ lục của Nghị định này.",A,A,A,"Answer A provides a comprehensive overview of the responsibilities of the Cybersecurity Department in response to personal data violations, detailing specific actions they take. In contrast, Answer B focuses primarily on the notification process and lacks the broader context of the department's role, making Answer A more relevant and informative.","Answer B provides a more comprehensive overview of the responsibilities of the Cục An ninh mạng in response to personal data violations, detailing the steps involved in handling such incidents, while Answer A focuses primarily on the notification aspect."
12,Bên Kiểm soát dữ liệu cá nhân có vai trò gì trong việc bảo vệ dữ liệu cá nhân?,"Bên Kiểm soát dữ liệu cá nhân có vai trò:

1. Thực hiện biện pháp bảo mật và an toàn cho dữ liệu cá nhân.
2. Ghi lại và lưu trữ nhật ký xử lý dữ liệu cá nhân.
3. Thông báo vi phạm quy định về bảo vệ dữ liệu cá nhân.
4. Lựa chọn Bên Xử lý dữ liệu cá nhân phù hợp.
5. Bảo đảm quyền của chủ thể dữ liệu.
6. Chịu trách nhiệm về thiệt hại do xử lý dữ liệu cá nhân.
7. Phối hợp với cơ quan nhà nước trong bảo vệ dữ liệu cá nhân.","Việc cung cấp dữ liệu cá nhân của chủ thể dữ liệu được Bên Kiểm soát dữ liệu cá nhân, Bên Kiểm soát và xử lý dữ liệu cá nhân thực hiện trong 72 giờ sau khi có yêu cầu của chủ thể dữ liệu, trừ trường hợp pháp luật có quy định khác.",A,A,A,"Answer A provides a comprehensive and detailed list of the roles of the data controller in protecting personal data, directly addressing the question. In contrast, Answer B focuses on a specific procedural aspect that is less relevant to the overall role of the data controller.","Answer B provides a comprehensive and detailed list of the roles of the data controller in protecting personal data, directly addressing the question. In contrast, Answer A focuses on a specific procedural aspect without covering the broader responsibilities and functions of the data controller."
13,Bộ Công an có vai trò gì trong việc đánh giá tác động xử lý dữ liệu cá nhân?,"Bộ Công an có vai trò đánh giá, yêu cầu Bên Kiểm soát dữ liệu cá nhân và Bên Xử lý dữ liệu cá nhân trong việc thực hiện hồ sơ đánh giá tác động xử lý dữ liệu cá nhân. Hồ sơ này phải luôn có sẵn để phục vụ hoạt động kiểm tra, đánh giá của Bộ Công an và Cục An ninh mạng và phòng, chống tội phạm sử dụng công nghệ cao.","Hồ sơ đánh giá tác động xử lý dữ liệu cá nhân phải luôn có sẵn để phục vụ hoạt động kiểm tra, đánh giá của Bộ Công an và Cục An ninh mạng và phòng, chống tội phạm sử dụng công nghệ cao) 01 bản chính theo Mẫu số 04 tại Phụ lục của Nghị định này trong thời gian 60 ngày kể từ ngày tiến hành xử lý dữ liệu cá nhân.",A,A,A,"Answer A provides a clear explanation of the role of the Ministry of Public Security in evaluating the impact of personal data processing, including the requirement for documentation and its availability for inspection. Answer B, while mentioning the documentation, lacks a comprehensive explanation of the Ministry's role and focuses more on procedural details.","Answer B provides a clearer and more comprehensive explanation of the role of the Bộ Công an in evaluating the impact of personal data processing, including the responsibilities of both the data controller and processor, while also mentioning the requirement for the documentation to be available for inspection. Answer A, while accurate, is less detailed and focuses primarily on the documentation aspect."
14,Cục An ninh mạng là gì và có trách nhiệm gì trong việc chuyển dữ liệu cá nhân?,"Cục An ninh mạng và phòng, chống tội phạm sử dụng công nghệ cao - Bộ Công an là cơ quan chuyển trách bảo vệ dữ liệu cá nhân. Cơ quan này có trách nhiệm giúp Bộ Công an thực hiện quản lý nhà nước về bảo vệ dữ liệu cá nhân, bao gồm việc kiểm tra, đánh giá hồ sơ chuyển dữ liệu cá nhân ra nước ngoài và yêu cầu bên chuyển dữ liệu hoàn thiện hồ sơ nếu chưa đầy đủ.","Cơ quan chuyển trách bảo vệ dữ liệu cá nhân là Cục An ninh mạng và phòng, chống tội phạm sử dụng công nghệ cao - Bộ Công an, có trách nhiệm giúp Bộ Công an thực hiện quản lý nhà nước về bảo vệ dữ liệu cá nhân;",A,A,A,"Answer A provides a more detailed explanation of the responsibilities of the Cục An ninh mạng, including specific actions like checking and evaluating data transfer documents, which enhances its factual accuracy and relevance to the question. Answer B is less detailed and lacks the same level of specificity.","Answer B provides a more comprehensive response by including specific responsibilities related to the transfer of personal data, such as checking and evaluating documents for transferring data abroad, which adds relevance and detail to the answer."
15,"Trong bối cảnh bảo vệ dữ liệu cá nhân, những biện pháp nào được áp dụng để đảm bảo an toàn cho dữ liệu cá nhân trong suốt quá trình xử lý?","Các biện pháp bảo vệ dữ liệu cá nhân trong suốt quá trình xử lý bao gồm:

1. Thực hiện các biện pháp tổ chức và kỹ thuật bảo mật phù hợp.
2. Ghi lại và lưu trữ nhật ký hệ thống quá trình xử lý dữ liệu cá nhân.
3. Bảo vệ dữ liệu cá nhân trước các hành vi vi phạm quy định và phòng, chống sự mất mát, phá hủy hoặc thiệt hại.
4. Lưu trữ dữ liệu cá nhân trong khoảng thời gian phù hợp với mục đích xử lý.
5. Chứng minh sự tuân thủ các nguyên tắc xử lý dữ liệu.",Biện pháp bảo vệ dữ liệu cá nhân được áp dụng ngay từ khi bắt đầu vào trong suốt quá trình xử lý dữ liệu cá nhân.,A,A,A,"Answer A provides a detailed and comprehensive list of specific measures that can be implemented to protect personal data during processing, demonstrating factual accuracy and relevance to the question. In contrast, Answer B is vague and lacks specific information, making it less informative.","Answer B provides specific and detailed measures for protecting personal data during processing, directly addressing the question, while Answer A is vague and lacks substance."
16,What is the role of Cục An ninh mạng in data protection?,"Cục An ninh mạng và phòng, chống tội phạm sử dụng công nghệ cao - Bộ Công an có trách nhiệm giúp Bộ Công an thực hiện quản lý nhà nước về bảo vệ dữ liệu cá nhân.","Bên chuyển dữ liệu ra nước ngoài gửi 01 bản chính hồ sơ tới Bộ Công an (Cục An ninh mạng và phòng, chống tội phạm sử dụng công nghệ cao) theo Mẫu số 06 tại Phụ lục của Nghị định này trong thời gian 60 ngày kể từ ngày tiến hành xử lý dữ liệu cá nhân.",A,A,A,"Answer A provides a clear and direct explanation of the role of Cục An ninh mạng in data protection, stating its responsibility in managing state oversight of personal data protection. Answer B, while mentioning a procedural aspect related to data transfer, does not directly address the role of Cục An ninh mạng in data protection.","Answer B provides a clear and direct explanation of the role of Cục An ninh mạng in data protection, stating its responsibility in managing state oversight of personal data protection. Answer A, while factual, focuses on a specific procedural requirement rather than the broader role of the agency."
17,What are the responsibilities of the government in data protection according to the regulations?,Không tìm thấy thông tin trong tài liệu.,b) Loại dữ liệu cá nhân được sử dụng có liên quan tới mục đích xử lý quy định tại điểm a khoản 2 Điều này;,tie,A,B,"Answer A indicates a lack of information, which is more accurate than Answer B, which provides an incomplete and unclear reference to a specific regulation without directly addressing the responsibilities of the government in data protection.","Answer A provides a specific reference to data protection regulations, indicating a responsibility related to the use of personal data, while Answer B states that no information was found, making it less relevant and informative."
18,Bộ Khoa học và Công nghệ có trách nhiệm gì trong bảo vệ dữ liệu cá nhân?,"Bộ Khoa học và Công nghệ có trách nhiệm:

1. Phối hợp với Bộ Công an trong xây dựng Tiêu chuẩn bảo vệ dữ liệu cá nhân và khuyến nghị áp dụng.
2. Nghiên cứu, trao đổi với Bộ Công an về các biện pháp bảo vệ dữ liệu cá nhân theo kịp sự phát triển của khoa học, công nghệ.","Cơ quan chuyển trách bảo vệ dữ liệu cá nhân là Cục An ninh mạng và phòng, chống tội phạm sử dụng công nghệ cao - Bộ Công an, có trách nhiệm giúp Bộ Công an thực hiện quản lý nhà nước về bảo vệ dữ liệu cá nhân;",A,A,A,"Answer A provides specific responsibilities of the Ministry of Science and Technology in relation to personal data protection, directly addressing the question. Answer B, while mentioning the role of the Ministry of Public Security, does not focus on the responsibilities of the Ministry of Science and Technology, making it less relevant.","Answer B provides specific responsibilities of the Ministry of Science and Technology in relation to personal data protection, including collaboration with the Ministry of Public Security and research on protective measures, making it more relevant and accurate to the question than Answer A."
19,Bên Kiểm soát dữ liệu cá nhân có trách nhiệm gì?,"Bên Kiểm soát dữ liệu cá nhân có trách nhiệm:

1. Thực hiện đầy đủ các quy định về trách nhiệm của Bên Kiểm soát dữ liệu cá nhân và Bên Xử lý dữ liệu cá nhân.
2. Cung cấp bản thân dữ liệu cá nhân của chủ thể dữ liệu khi có yêu cầu.
3. Cung cấp dữ liệu cá nhân cho tổ chức, cá nhân khác khi có sự đồng ý của chủ thể dữ liệu.
4. Cung cấp dữ liệu cá nhân trong 72 giờ sau khi có yêu cầu, trừ trường hợp pháp luật có quy định khác.
5. Không cung cấp dữ liệu cá nhân trong một số trường hợp nhất định (gây tổn hại tới quốc phòng, an ninh, sức khỏe, hoặc không có sự đồng ý của chủ thể dữ liệu).","Việc cung cấp dữ liệu cá nhân của chủ thể dữ liệu được Bên Kiểm soát dữ liệu cá nhân, Bên Kiểm soát và xử lý dữ liệu cá nhân thực hiện trong 72 giờ sau khi có yêu cầu của chủ thể dữ liệu, trừ trường hợp pháp luật có quy định khác.",A,A,A,"Answer A provides a comprehensive list of responsibilities of the data controller, addressing multiple aspects of their duties, while Answer B only mentions one specific responsibility regarding the timeframe for providing data, lacking detail and breadth.","Answer B provides a more comprehensive and detailed response to the responsibilities of the data controller, covering multiple aspects of their obligations, while Answer A is less detailed and only mentions the 72-hour timeframe without elaborating on other responsibilities."
20,Nghị định này quy định những trách nhiệm nào của Bên Xử lý dữ liệu cá nhân?,"Nghị định này quy định những trách nhiệm của Bên Xử lý dữ liệu cá nhân như sau:

1. Chỉ tiếp nhận dữ liệu cá nhân sau khi có hợp đồng hoặc thỏa thuận với Bên Kiểm soát dữ liệu cá nhân.
2. Xử lý dữ liệu cá nhân theo đúng hợp đồng hoặc thỏa thuận ký kết.
3. Thực hiện đầy đủ các biện pháp bảo vệ dữ liệu cá nhân theo quy định của Nghị định và các văn bản pháp luật khác.",Thực hiện đầy đủ các quy định về trách nhiệm xử lý dữ liệu cá nhân theo quy định tại Nghị định này.,A,A,A,"Answer A provides specific details about the responsibilities of the data processor as outlined in the regulation, making it factually accurate and relevant to the question. Answer B is too vague and lacks the necessary details to fully address the question.","Answer B provides specific details about the responsibilities of the data processor as outlined in the regulation, making it more informative and relevant to the question compared to Answer A, which is vague and lacks detail."
21,Thủ tướng có trách nhiệm gì trong việc thi hành Nghị định này?,Thủ tướng Chính phủ chịu trách nhiệm thi hành Nghị định này.,"Bộ trưởng, Thủ trưởng cơ quan ngang bộ, Chính phủ, Chủ tịch Ủy ban nhân dân các tỉnh, thành phố trực thuộc trung ương chịu trách nhiệm thi hành Nghị định này.",tie,A,B,"Answer A directly addresses the responsibility of the Prime Minister in executing the decree, which is the focus of the question. Answer B, while accurate, includes additional parties that are not specifically asked about, making it less concise and slightly less relevant to the question.","Answer A provides a more comprehensive response by including multiple parties responsible for the implementation of the decree, while Answer B only mentions the Prime Minister, which is less informative."
22,What does the phrase 'Độc lập - Tự do - Hạnh phúc' signify in the context of data privacy?,Không tìm thấy thông tin trong tài liệu.,CỘNG HÒA XÃ HỘI CHỦ NGHĨA VIỆT NAM,A,A,A,"Answer A states that there is no information found in the documents, which is a factual response to the question. Answer B, while mentioning 'CỘNG HÒA XÃ HỘI CHỦ NGHĨA VIỆT NAM', does not address the significance of the phrase in the context of data privacy, making it less relevant. Therefore, Answer A is more accurate and relevant.","Answer B directly states that there is no information found in the documents, which is more relevant to the question about the significance of the phrase in the context of data privacy. Answer A, while it provides a phrase related to Vietnam, does not address the question at all."
23,What is the significance of the organization CỘNG HÒA XÃ HỘI CHỦ NGHĨA VIỆT NAM in the context of data protection regulations?,Không tìm thấy thông tin trong tài liệu.,CỘNG HÒA XÃ HỘI CHỦ NGHĨA VIỆT NAM,A,A,A,"Answer A provides a clear indication that there is no relevant information found, which is a factual response to the question. Answer B does not provide any meaningful information or context regarding the significance of the organization in relation to data protection regulations.","Answer B indicates a lack of information, which is more relevant to the question than Answer A, which provides no context or explanation regarding the significance of the organization in relation to data protection regulations."
24,CỘNG HÒA XÃ HỘI CHỦ NGHĨA VIỆT NAM có vai trò gì trong việc bảo vệ dữ liệu cá nhân theo quy định hiện hành?,"CỘNG HÒA XÃ HỘI CHỦ NGHĨA VIỆT NAM có vai trò thực hiện việc bảo vệ dữ liệu cá nhân theo quy định của các điều ước quốc tế mà Việt Nam là thành viên, các quy định của Luật có liên quan và Nghị định bảo vệ dữ liệu cá nhân.","Việc bảo vệ dữ liệu cá nhân được thực hiện theo quy định các điều ước quốc tế mà nước Cộng hòa xã hội chủ nghĩa Việt Nam là thành viên, các quy định khác của Luật có liên quan và Nghị định này.",tie,tie,A,Both answers accurately address the role of the Socialist Republic of Vietnam in protecting personal data according to international agreements and relevant laws. They are both relevant to the question and concise in their explanations.,"Answer B provides a clearer statement about the role of the CỘNG HÒA XÃ HỘI CHỦ NGHĨA VIỆT NAM in protecting personal data, explicitly stating that it is responsible for implementing these protections, which directly addresses the question. Answer A is less direct and does not clearly articulate the role."
25,Tại sao Việt Nam lại cần hồ sơ đánh giá tác động chuyển dữ liệu cá nhân ra nước ngoài?,"Việt Nam cần hồ sơ đánh giá tác động chuyển dữ liệu cá nhân ra nước ngoài để đảm bảo tuân thủ quy định bảo vệ dữ liệu cá nhân, đánh giá mức độ ảnh hưởng của việc xử lý dữ liệu, và bảo vệ quyền lợi của công dân Việt Nam trước các rủi ro có thể xảy ra khi dữ liệu được chuyển ra nước ngoài.","Dữ liệu cá nhân của công dân Việt Nam được chuyển ra nước ngoài trong trường hợp Bên chuyển dữ liệu ra nước ngoài lập Hồ sơ đánh giá tác động chuyển dữ liệu cá nhân ra nước ngoài và thực hiện các thủ tục theo quy định tại khoản 3, 4 và 5 Điều này.",A,A,A,"Answer A provides a clear explanation of the need for an impact assessment on the transfer of personal data abroad, emphasizing compliance with data protection regulations and the protection of citizens' rights. Answer B, while factual, is more procedural and less informative regarding the reasons behind the need for such assessments.","Answer B provides a clear explanation of the need for the assessment document, emphasizing compliance with data protection regulations, the impact of data processing, and the protection of citizens' rights, making it more relevant and informative than Answer A."
26,Mã số thuế có liên quan như thế nào đến quyền riêng tư trong bối cảnh bảo vệ dữ liệu cá nhân theo các quy định hiện hành?,Không tìm thấy thông tin trong tài liệu.,"Chủ thể dữ liệu có quyền tự bảo vệ theo quy định của Bộ luật Dân sự, luật khác có liên quan và Nghị định này, hoặc yêu cầu cơ quan, tổ chức có thẩm quyền thực hiện các phương thức bảo vệ quyền dân sự theo quy định tại Điều 11 Bộ luật Dân sự.",B,B,B,"Answer B provides relevant information regarding the rights of data subjects and legal protections related to personal data, directly addressing the question about the relationship between tax identification numbers and privacy rights. Answer A, on the other hand, lacks any information and does not address the question.","Answer A provides relevant information regarding the rights of data subjects and their ability to protect their personal data in relation to tax identification numbers, aligning with the question about privacy and data protection regulations. Answer B lacks any information, making it irrelevant."
27,Doanh thu của Công ty Cổ phần DHA Surfaces có ảnh hưởng gì tới thông tin cá nhân của khách hàng không?,Không tìm thấy thông tin trong tài liệu.,"Tổ chức, cá nhân kinh doanh dịch vụ tiếp thị, giới thiệu sản phẩm quảng cáo có trách nhiệm chứng minh việc sử dụng dữ liệu cá nhân của khách hàng được giới thiệu sản phẩm đúng với quy định tại khoản 1 và khoản 2 Điều này.",B,B,B,"Answer B provides relevant information regarding the responsibility of organizations in using personal data, which relates to the impact of company revenue on customer information. Answer A lacks any information and does not address the question.","Answer A provides relevant information regarding the responsibility of organizations in using personal data, which relates to the impact of company revenue on customer information. Answer B lacks any information and does not address the question."
28,"How do the rights of data subjects, particularly the right to delete data, relate to the tax deduction process outlined in the context of value-added tax?",Không tìm thấy thông tin trong tài liệu.,b) Loại dữ liệu cá nhân được sử dụng có liên quan tới mục đích xử lý quy định tại điểm a khoản 2 Điều này;,tie,B,A,"Answer B provides relevant information regarding the use of personal data in relation to processing purposes, which is pertinent to the rights of data subjects. Answer A, on the other hand, states that no information was found, which does not address the question.","Answer B clearly states that there is no information found in the document, which is a relevant response to the question. Answer A, on the other hand, provides a partial statement that does not directly address the rights of data subjects or the tax deduction process, making it less relevant."
29,Làm thế nào Nghị định bảo vệ dữ liệu cá nhân của Cộng hòa xã hội chủ nghĩa Việt Nam quy định về quyền và nghĩa vụ của chủ thể dữ liệu?,"Nghị định bảo vệ dữ liệu cá nhân của Cộng hòa xã hội chủ nghĩa Việt Nam quy định về quyền và nghĩa vụ của chủ thể dữ liệu như sau:

### Quyền của chủ thể dữ liệu:
1. Quyền được biết về hoạt động xử lý dữ liệu cá nhân.
2. Quyền đồng ý hoặc không đồng ý cho phép xử lý dữ liệu cá nhân.
3. Quyền truy cập để xem, chỉnh sửa hoặc yêu cầu chỉnh sửa dữ liệu cá nhân.
4. Quyền rút lại sự đồng ý.
5. Quyền xóa hoặc yêu cầu xóa dữ liệu cá nhân.
6. Quyền hạn chế xử lý dữ liệu cá nhân.
7. Quyền yêu cầu cung cấp dữ liệu cá nhân.

### Nghĩa vụ của chủ thể dữ liệu:
1. Tự bảo vệ dữ liệu cá nhân của mình.
2. Tôn trọng, bảo vệ dữ liệu cá nhân của người khác.
3. Cung cấp đầy đủ, chính xác dữ liệu cá nhân khi cho phép xử lý.
4. Tham gia tuyên truyền","Chủ thể dữ liệu có quyền tự bảo vệ theo quy định của Bộ luật Dân sự, luật khác có liên quan và Nghị định này, hoặc yêu cầu cơ quan, tổ chức có thẩm quyền thực hiện các phương thức bảo vệ quyền dân sự theo quy định tại Điều 11 Bộ luật Dân sự.",A,A,A,"Answer A provides a comprehensive and detailed overview of both the rights and obligations of data subjects as outlined in the data protection decree, directly addressing the question. In contrast, Answer B is less detailed and primarily focuses on the right to self-protection without adequately covering the full scope of rights and obligations.","Answer B provides a comprehensive and detailed overview of both the rights and obligations of data subjects as outlined in the data protection decree, directly addressing the question. In contrast, Answer A is less detailed and focuses primarily on the right to self-protection without covering the full scope of rights and obligations."
30,Công ty cổ phần DHA Surfaces có trách nhiệm gì trong việc xử lý dữ liệu cá nhân theo quy định của pháp luật?,Không tìm thấy thông tin trong tài liệu.,"Việc xóa dữ liệu được thực hiện trong 72 giờ sau khi có yêu cầu của chủ thể dữ liệu với toàn bộ dữ liệu cá nhân mà Bên Kiểm soát dữ liệu cá nhân, Bên Kiểm soát và xử lý dữ liệu cá nhân thu thập được, trừ trường hợp pháp luật có quy định khác.",B,B,B,"Answer B provides specific information regarding the company's responsibility in handling personal data, including a timeframe for data deletion, which is relevant and factual. Answer A lacks any information.","Answer A provides specific information regarding the company's responsibility in handling personal data, including a timeframe for data deletion, which is relevant and factual. Answer B lacks any information and does not address the question."
